From,To
@tznkai,"@_cingraham,@pegobry,@SenSanders"
@savyone23,"@_cingraham,@pegobry,@SenSanders"
@DSN_MikeJohnsen,"@,@McKideaShare"
@sarahjanekyle,"@,@PoudreSchools.,@coloradoan"
@dawterofliberty,"@4thAnon,@aspiritcan"
@NursesWhoVax,"@A_Rappagliosi,@Voices4Vaccines"
@PubHealthSci,"@A_Rappagliosi,@Voices4Vaccines"
@MyBrigitte,"@A_Rappagliosi,@Voices4Vaccines"
@jmeigsjr,@aafpprez
@GDOTWestTraffic,@aafpprez
@VOANorman,@AdamMinter
@Prairies,@AdamMinter
@cmcnguyen,"@aetiology,@maiamajumder"
@kristinsullivan,"@aetiology,@maiamajumder"
@mightybattlecat,"@aetiology,@maiamajumder"
@DrPanMD,@AFHSBPAGE
@NVICLoeDown,@AFHSBPAGE
@Globalyze_,@agreencleveland
@GeminisRegio,@alienfirst
@postpartumstory,@alienfirst
@laura_sprague,@and_kell
@joegooding,@and_kell
@emmathurn,@and_kell
@Nemo_III,@and_kell
@SFdirewolf,@AndrewPulrang
@spacatti,@AndrewPulrang
@KatWaterflame,@AnemoneTea
@whatdivawants,@AnemoneTea
@jamesjhaeck,@AnemoneTea
@OTCbike,"@AngeliqueAshby,@OTCbike,@DrPanMD,@Steinberg4Sac,@TheCityofSac,@SacramentoCVB,@DowntownSac"
@gijacklin,"@AngeliqueAshby,@OTCbike,@DrPanMD,@Steinberg4Sac,@TheCityofSac,@SacramentoCVB,@DowntownSac"
@DowntownSac,"@AngeliqueAshby,@OTCbike,@DrPanMD,@Steinberg4Sac,@TheCityofSac,@SacramentoCVB,@DowntownSac"
@Katinsac,"@AngeliqueAshby,@OTCbike,@DrPanMD,@Steinberg4Sac,@TheCityofSac,@SacramentoCVB,@DowntownSac"
@kenjbarnes1,"@AngeliqueAshby,@OTCbike,@DrPanMD,@Steinberg4Sac,@TheCityofSac,@SacramentoCVB,@DowntownSac"
@CalicoInsite,@AnonymTipster
@waynerohde,@aribertdeckers
@waynerohde,@aribertdeckers
@CHolmes87,@ASPCA
@dmilat68,@aspiesmom
@tony_mcdowell,"@aspiring_dm,@VoiceOfOBrien,@CriticalRole,@matthewmercer"
@peakdavid,@aspiritcan
@joegooding,@aspiritcan
@dawterofliberty,@aspiritcan
@ComplexPharm,@aspiritcan
@yesmaam74,@aspiritcan
@dawterofliberty,@aspiritcan
@AwakeningLib,@aspiritcan
@TrafficHubNow,@aspiritcan
@GDOTWestTraffic,@aspiritcan
@FundedJustice,@aspiritcan
@BethIsAwake,@aspiritcan
@PergamIC,@aspiritcan
@CAWalks,@aspiritcan
@icansketchu,@aspiritcan
@trabbez,@aspiritcan
@trabbez,@aspiritcan
@vaxxedStLouis,@AutismOne
@Burness,@AVACNow
@ARAdultImmDoc,@AVACNow
@soybean52,@avoiceforchoice
@DearVegAbby,@avoiceforchoice
@defendressofsan,@avoiceforchoice
@LydiaMFanfan,@B_pertussis
@surfthespectrum,@Bec2629
@doritmi,"@BeckyJohnson222,@JenniferRaff"
@2ndfor1st,"@BeckyJohnson222,@JenniferRaff"
@doritmi,"@BeckyJohnson222,@skepticalraptor"
@CaseyDanson,"@BeckyJohnson222,@skepticalraptor"
@CaseyDanson,"@BeckyJohnson222,@skepticalraptor"
@DearVegAbby,@BenAllenCA
@abramovitzra,@BenAllenCA
@savyone23,@BenAllenCA
@nerdgirl93,@BenAllenCA
@soybean52,@BenAllenCA
@soybean52,@BenAllenCA
@Sltmama,@BenAllenCA
@Sltmama,@BenAllenCA
@almamoy,@BenAllenCA
@AwakeningLib,"@BethIsAwake,@TimBolen1"
@SNCCLA,@Biegenzahn
@lizbethprewitt,@Biegenzahn
@SNCCLA,"@Biegenzahn,@Movanhook"
@JanelB,"@Biegenzahn,@Movanhook"
@OregonVacTruth,"@Biegenzahn,@Movanhook"
@StepPalmer,@billyboblee310
@sjz1983,@BioWonk
@hithappenings,"@BlondeScientist,@noeltbrewer"
@genevive429,"@BlondeScientist,@theNCI"
@theNCI,"@BlondeScientist,@theNCI"
@ljbolog,"@brennapaige16,@TimBolen1"
@joetesta,"@brennapaige16,@TimBolen1"
@GeminisRegio,"@BriDanann,@VoiceOfOBrien,@CriticalRole"
@jasmineweebchan,"@BriDanann,@VoiceOfOBrien,@LauraBaileyVO,@CriticalRole"
@DearVegAbby,"@BriDanann,@VoiceOfOBrien,@LauraBaileyVO,@CriticalRole"
@GeminisRegio,"@BriDanann,@VoiceOfOBrien,@LauraBaileyVO,@CriticalRole"
@GeminisRegio,"@BriDanann,@VoiceOfOBrien,@LauraBaileyVO,@CriticalRole"
@CodyfromOhio,"@BriDanann,@VoiceOfOBrien,@LauraBaileyVO,@CriticalRole"
@DrPanMD,@CalEndow
@DrPanMD,"@CALmatters,@DrPanMD,@bayareahomeless"
@DrRachie,"@CALmatters,@DrPanMD,@bayareahomeless"
@julie_cart,"@CALmatters,@DrPanMD,@bayareahomeless"
@pamela419,@CancerTruthNews
@pamela419,@CancerTruthNews
@pamela419,@CancerTruthNews
@Mavericks_FZ,@CancerTruthNews
@DrPanMD,@CAPublicHealth
@NealMcCluskey,"@carolburris,@ACLU"
@TrafficHubNow,"@carolburris,@ACLU"
@RachelLG83,"@CASenatorJim,@DrPanMD)"
@AriBFriedman,@CatherineCounts
@DotFranny,"@CAWalks,@ArgonautNews"
@DotFranny,"@CAWalks,@mikebonin"
@JenniferCBSLA,"@CBSLA,@vaxxedthemovie"
@ShirinRajaee,@CBSSacramento
@LeahinLA,@CBSSacramento
@missk526,@CBSSacramento
@mskelliegurl,@CBSSacramento
@ladytrevelyans,@CBSSacramento
@FundedJustice,@CBSSacramento
@natomasdaily,"@ccadelago,@DrPanMD,@Steinberg4Sac,@AngeliqueAshby"
@hgawlick,"@ccadelago,@DrPanMD,@Steinberg4Sac,@AngeliqueAshby"
@pearwaldorf,"@ccadelago,@DrPanMD,@Steinberg4Sac,@AngeliqueAshby"
@suelmorrow,"@ccadelago,@DrPanMD,@Steinberg4Sac,@AngeliqueAshby"
@AngeliqueAshby,"@ccadelago,@DrPanMD,@Steinberg4Sac,@AngeliqueAshby"
@capn_madd_katt,"@ccadelago,@DrPanMD,@Steinberg4Sac,@AngeliqueAshby,@OTCbike,@OTCbike,@AngeliqueAshby,@Steinberg4Sac,@DrPanMD,@DowntownSac,@SacramentoCVB,@DowntownAndVine,@cmaphysicians,@RobynAlyHope"
@capn_madd_katt,"@ccadelago,@DrPanMD,@Steinberg4Sac,@AngeliqueAshby,@OTCbike,@OTCbike,@AngeliqueAshby,@Steinberg4Sac,@DrPanMD,@DowntownSac,@SacramentoCVB,@DowntownAndVine,@cmaphysicians,@RobynAlyHope"
@meaghano9,"@ccadelago,@DrPanMD,@Steinberg4Sac,@AngeliqueAshby,@OTCbike,@OTCbike,@AngeliqueAshby,@Steinberg4Sac,@DrPanMD,@DowntownSac,@SacramentoCVB,@DowntownAndVine,@cmaphysicians,@RobynAlyHope"
@DynaMed_POC,@CDCFlu
@SANTINORICE,@CDCFlu
@GeminisRegio,@CDCFlu
@DotFranny,@CDCFlu
@mskimmyd85,@ceemonster
@IDerTorosianHC,@ceemonster
@andymarso,@Celia_LJ
@orangeblood307,"@centegrahealth,@cbschicago"
@networkwellness,"@centegrahealth,@cbschicago"
@adamparrshs,"@centegrahealth,@cbschicago"
@slothlovefezzik,@Cha_C_San
@JourneysNonnie,@Cha_C_San
@rynndeer,@Cha_C_San
@OrinLevine,@Cha_C_San
@ThatSiriusLad,@Cha_C_San
@chu_bacca,@Cha_C_San
@ChristinaLilySu,@Cha_C_San
@mindelannn,@Cha_C_San
@emmiewithacape,@Cha_C_San
@VoiceOfOBrien,@Cha_C_San
@dawterofliberty,@Charbrevolution
@EwEdmiston,"@CharityMiles,@ShotAtLife.,@CVSClassicGolf"
@LiberarSuMente,"@CharityMiles,@ShotAtLife.,@CVSClassicGolf"
@pearwaldorf,"@CharityMiles,@ShotAtLife.,@CVSClassicGolf"
@glowingnova,@CheeseyPokemon
@HealthFreedomUS,@CheeseyPokemon
@DrPanMD,"@chrissyfarr,@KQED"
@sabinvaccine,@ChristiAnne67
@98cowboys,@ChristiAnne67
@KittenKoder,@ChristiAnne67
@HopeLizzy,@CIDRZambia
@mgctouch,@CIDRZambia
@gijacklin,@CIDRZambia
@DrPanMD,@claireconlon
@OTCbike,"@claireconlon,@DrPanMD"
@DrPanMD,@cmaphysicians
@lfrancis0,@cmaphysicians
@BethIsAwake,@CMSRIResearch
@cmaphysicians,@CMSRIResearch
@yayayarndiva,"@ConsumersUnion,@DrPanMD,"
@BassBabyDoll,"@CplBart,@BassBabyDoll,@DrPanMD"
@jdelugach,"@CplBart,@BassBabyDoll,@DrPanMD"
@Kaba_Jifika,@CriticalRole
@GeminisRegio,@CriticalRole
@Kaba_Jifika,"@CriticalRole,@Marisha_Ray,@VoiceOfOBrien"
@FundedJustice,"@CriticalRole,@Marisha_Ray,@VoiceOfOBrien"
@TheRealRBlack,"@CriticalRole,@Undertale"
@PeterChristHall,@Crof
@DeeLoralei,"@CruzWhobris,@SenateGOP,@HouseGOP"
@dallasrbaird,"@CruzWhobris,@SenateGOP,@HouseGOP"
@cmaphysicians,"@CSKidsAction,@DrPanMD"
@DrPanMD,"@CSKidsAction,@DrPanMD"
@Chaox173,@damage_ko
@rynndeer,@damage_ko
@hippy_time_,@Damn_It_Dillon
@budugley,"@DanBidondi,@CDCgov,@CDCFlu"
@PedsGeekMD,"@danojano,@DrPanMD"
@TreyStokes,"@danojano,@DrPanMD"
@LeahinLA,"@danojano,@DrPanMD"
@ivorytowerstyle,@davidfickling
@ivorytowerstyle,@davidfickling
@ivorytowerstyle,@davidfickling
@ivorytowerstyle,@davidfickling
@orteli_99,@DDiManzella
@orteli_99,@DDiManzella
@joegooding,"@debnantz,@2AorGTFO"
@ShantelWireman1,"@debnantz,@LaLaRueFrench75"
@MacRaider,"@debnantz,@VeritasDolor"
@AnonymTipster,@debwebily11
@ShotAtLife,@defeatDD
@BethIsAwake,@DocFoster
@AutismOne,@DocFoster
@joegooding,@doctorsensation
@TrafficHubNow,@doctorsensation
@thesaddleguy1,"@DoriCFWC,@"
@ShotAtLife,"@DoriCFWC,@"
@kidoctr,@doritmi
@InfectiousPS,@doritmi
@BlackAutist,@doritmi
@NursesWhoVax,@doritmi
@yayayarndiva,@doritmi
@ShotAtLife,@doritmi
@lizditz,@doritmi
@lizditz,@doritmi
@LighthousePR_LA,@doritmi
@gorskon,"@doritmi,@DrPaulOffit,@medsâ€¦"
@arclight,"@doritmi,@DrPaulOffit,@medsâ€¦"
@surfthespectrum,@DotFranny
@ahealthyliving1,@DotFranny
@JenniferMarguli,@DotFranny
@docbeerio,@DrDeanCDC
@DrPanMD,"@DrFriedenCDC,@CDCEmergency"
@AnonymTipster,@DrKND
@AutismOne,@DrKND
@LBAngelBaseball,@DrKND
@CaroleWadeNpBch,@DrPanMD
@alienfirst,@DrPanMD
@janusnorman,@DrPanMD
@drninashapiro,@DrPanMD
@Ryan_Mac_Phd,@DrPanMD
@thezenbastard,@DrPanMD
@__KaitlinShaw,@DrPanMD
@__KaitlinShaw,@DrPanMD
@MeyerBjoern,@DrPanMD
@cmaphysicians,@DrPanMD
@jenmort2002,@DrPanMD
@PedsGeekMD,@DrPanMD
@Ryan_Mac_Phd,@DrPanMD
@max4metals,@DrPanMD
@CarlDog,@DrPanMD
@victoriakelley,@DrPanMD
@IDerTorosianHC,@DrPanMD
@AFHSBPAGE,@DrPanMD
@AngeliqueAshby,@DrPanMD
@TheSciBabe,@DrPanMD
@EdTrustWest,@DrPanMD
@healthaccess,@DrPanMD
@ConsumersUnion,"@DrPanMD,"
@CALmatters,"@DrPanMD,@bayareahomeless"
@LeahinLA,"@DrPanMD,@Forbes"
@ShannanVelayas,"@DrPanMD,@SEIU2015,@CFA_News"
@CaliEditor,"@DrPanMD,@VaccinateCal"
@BethIsAwake,"@DrPanMD,@VaccinateCal"
@kfbk,"@DrPanMD,@vaxxedthemovie,@avoiceforchoice"
@soybean52,"@DrPanMD,@vaxxedthemovie,@avoiceforchoice"
@liberalgirl4,"@DrPeppercorn,@ShirinRajaee,@CBSSacramento"
@ClaudiaHirawat,"@DrPeppercorn,@ShirinRajaee,@CBSSacramento"
@CAWalks,@DrRimaLaibow
@StepPalmer,@DrRimaLaibow
@JourneysNonnie,@DrRimaLaibow
@ShamanofDrums,@DrThomasPaul
@fubarista,@DrThomasPaul
@melogna,@DrThomasPaul
@aafpprez,"@Drwandafiler,@EllynStecker"
@pediatricskc,"@DrWilliamHoh,@DrPanMD,@PedsGeekMD"
@janusnorman,"@DrWilliamHoh,@DrPanMD,@PedsGeekMD"
@Fawnzie10,"@DrWilliamHoh,@DrPanMD,@PedsGeekMD"
@PedsGeekMD,"@DrWilliamHoh,@DrPanMD,@PedsGeekMD"
@kxamtxon,@ElenaNBCSD
@WilliaBriggsDDS,@ElenaNBCSD
@AnonymTipster,@ElenaNBCSD
@PrincipalSloan1,@ElenaNBCSD
@_MarilynM,@ElenaNBCSD
@Goodluckbeer,@ElenaNBCSD
@_noelove,@ElenaNBCSD
@TrnLannister,@ElenaNBCSD
@birthingbeyond,@ElenaNBCSD
@busysleepig,@ElenaNBCSD
@nbcsandiego,@ElenaNBCSD
@busysleepig,@ElenaNBCSD
@jencarverphoto,@ElenaNBCSD
@rascan001,@ElenaNBCSD
@Meglet_42,@ElenaNBCSD
@Meglet_42,@ElenaNBCSD
@Meglet_42,@ElenaNBCSD
@Drwandafiler,@EllynStecker
@LeahinLA,@EllynStecker
@NVICLoeDown,@EllynStecker
@LeahinLA,@EllynStecker
@ShotAtLife,@EndPolioNow
@capn_madd_katt,@fl0werb0ys
@afullmargin,@fl0werb0ys
@DotFranny,"@FlygirlDx,@TannersDad,@BenAllenCA,@tedlieu"
@slealey53,"@FlygirlDx,@TannersDad,@BenAllenCA,@tedlieu"
@FordDiem,@FoldableHuman
@LeahinLA,@Forbes
@reesemdion,@ForgingMeanings
@reesemdion,@ForgingMeanings
@frill_ability,@frill_ability
@katannsky2,"@gateshealth,@BillGates"
@ShotAtLife,@gavi
@ShotAtLife,@gavi
@ShotAtLife,@gavi
@Mandeep_Dh,@gavi
@CIRWH,@gavi
@VaxTrac,@gavi
@ShotAtLife,@gavi
@DrPanMD,@gavi
@ShotAtLife,@gavi
@Subscatter,@gavi
@icm2016,@gavi
@OrinLevine,@gavi
@SamanthaJGalvin,"@gavi,@BIDInitiative"
@ksaalim521,"@gavi,@globalmomschall,@ShotAtLife"
@thesaddleguy1,"@gavi,@globalmomschall,@ShotAtLife"
@spacatti,"@gavi,@globalmomschall,@ShotAtLife"
@LydiaMFanfan,"@gavi,@MSF!,@MSâ€¦"
@VaxxedMobile,"@gavi,@MSF!,@MSâ€¦"
@ShotAtLife,"@gavi,@UNICEF"
@RAndrewOhge,"@gavi,@UNICEF"
@GovindarajVR,"@gavi,@UNICEF"
@slealey53,"@gavi,@UNICEF"
@ShotAtLife,"@gavi,@unicefturk"
@marcellakroll,"@gavi,@unicefturk"
@EphraimRabin,"@gavi,@WHO"
@DiagnosticChick,@GaviSeth
@VaccineAlertFYI,@GaviSeth
@ftechnewscom,@GaviSeth
@SamanthaJGalvin,@GaviSeth
@OrinLevine,@GaviSeth
@healthaccess,"@GeneralRoth,,@DrPanMD."
@EaseT1d,"@GeneralRoth,@doclobby,@SenateRepCaucus,@BethGaines_,@TedGaines,@Stone4Senate,@DrPanMD"
@Awithonelison,"@GeoffSchuler,@dkegel,@GidMK"
@Awithonelison,"@GeoffSchuler,@dkegel,@GidMK"
@doritmi,"@GeoffSchuler,@sburke85,@itsmepanda1,@DrWakefield,@delbigtree,@DrPanMD"
@doritmi,"@GeoffSchuler,@sburke85,@itsmepanda1,@KeppyJlkep,@DrWakefield,@DrPanMD,@delbigtree"
@annettemhall,"@GeoffSchuler,@sburke85,@itsmepanda1,@KeppyJlkep,@DrWakefield,@DrPanMD,@delbigtree"
@annekott,"@GlobalHealthOrg,@WHO"
@BentonDr,@goharrison
@pchorsedoc,@GoIrish1951
@SANTINORICE,@GoIrish1951
@SANTINORICE,@GoIrish1951
@SANTINORICE,@GoIrish1951
@safacles,@GovernorDeal
@safacles,@GovernorDeal
@DearVegAbby,@GovernorDeal
@CAWalks,"@GovPressOffice,@BenAllenCA,@CASenateDems,@SenateGOP,@congbillposey,@jasoninthehouse"
@VoiceOfOBrien,"@gravenimagerd,@willfriedle"
@lizditz,@handmadekathy
@ShannanVelayas,"@handmadekathy,@LMurphy23,@DowntownSac,@DrPanMD,@Steinberg4Sac"
@dmilat68,@HealthFreedomRX
@dmilat68,@HealthFreedomRX
@dawterofliberty,@HealthFreedomRX
@tweybright,@HealthFreedomRX
@dawterofliberty,@HealthFreedomRX
@dawterofliberty,@HealthyATV
@ftechnewscom,@HealthyATV
@icansketchu,@HealthyATV
@BassBabyDoll,@HealthyATV
@MAVISLEAGUE,@HealthyATV
@AutismOne,@HealthyATV
@THRiiiVE,@healthyown
@THRiiiVE,@healthyown
@THRiiiVE,@healthyown
@HighlandWell,@healthyown
@HomeopathyWomen,@healthyown
@dawterofliberty,"@healthyown,@google,@bbcworld,@facebook,@abcnews,@foxnews,@nytimes"
@PWnorthwest,"@healthyown,@google,@housefloor,@bostonglobe,@wfaachaâ€¦"
@slealey53,"@healthyown,@google,@housefloor,@bostonglobe,@wfaachaâ€¦"
@savyone23,"@healthyown,@google,@latimes,@bbcworld,@cbcnews"
@StepPalmer,"@healthyown,@google,@latimes,@bbcworld,@cbcnews"
@AnniElocin,"@healthyown,@google,@youtube,@bbcworld,@portlandmercury,@abcnews,@heraldtribune"
@wendyblazer65,"@healthyown,@MarcellaPiperTe"
@microbiomom,"@healthyown,@MarcellaPiperTe"
@OrinLevine,@HelenMatzger
@IDEpiPhD,@HelenMatzger
@jeffchesen,@HillaryClinton
@kathymritchie,@HillaryClinton
@clevelandgreens,@HillaryClinton
@livinghispanic,@Hlth_Literacy
@microbiomom,@Hlth_Literacy
@orteli_99,@Hlth_Literacy
@newhousel,@HopeLizzy
@ChronOpinion,@HoustonChron
@aboutreed,@httpstwittercomWI_Chemtrails
@joegooding,"@IamMonicaRae,@noUpside,@joegooding,@rblotnicky"
@ColumbiaCoHHS,@Immunize_USA
@GreenMedInfo,@Immunize_USA
@DrPanMD,@Immunize_USA
@Immunize_USA,@Immunize_USA
@ATCarter07,@Inforwarrior2
@chiroroy,@Inforwarrior2
@the whole U.S.A.,@Inforwarrior2
@GeminisRegio,"@Iorverth,@matthewmercer"
@syafinazulkafli,@irkif10
@syafinazulkafli,@irkif10
@GlendaMcRose,"@itsbaxter,@BayAreaNonprofs,@vaxxedthemovie"
@dawterofliberty,"@itsbaxter,@GovPressOffice"
@CAWalks,"@itsbaxter,@vaxxedthemovie"
@NVICLoeDown,"@itsbaxter,@vaxxedthemovie"
@2ndfor1st,"@itsbaxter,@vaxxedthemovie"
@joegooding,@itsmepanda1
@LeahinLA,@itsmepanda1
@BassBabyDoll,@itsmepanda1
@2ndfor1st,@itsmepanda1
@DrPanMD,@itsmepanda1
@the_refusers,@itsmepanda1
@joegooding,@itsmepanda1
@Awithonelison,@itsmepanda1
@joegooding,"@itsmepanda1,@GeoffSchuler,@AutistasAngeles,@VeritasDolor"
@Awithonelison,"@itsmepanda1,@GeoffSchuler,@dkegel,@GidMK"
@TheStartupBot,"@itsmepanda1,@GeoffSchuler,@dkegel,@GidMK"
@Awithonelison,"@itsmepanda1,@GeoffSchuler,@dkegel,@GidMK,@BioWonk"
@Awithonelison,"@itsmepanda1,@GeoffSchuler,@dkegel,@GidMK,@BioWonk"
@joegooding,"@itsmepanda1,@joegooding,@DrPanMD,@â€¦"
@AnnaMarie_MN,@JanelB
@surfthespectrum,@JanelB
@SonOfJupit3r,@jdelugach
@jdelugach,@jdelugach
@Mofmars333,@jdelugach
@dawterofliberty,@jdelugach
@jdelugach,@jdelugach
@eiragwen,@JdIllustrates
@coloradoan,@JdIllustrates
@aafpprez,@JdIllustrates
@dawterofliberty,"@JeffereyJaxen,@RobSchneider"
@DotFranny,"@JeffereyJaxen,@RobSchneider"
@Paulthoughts,@jenmort2002
@EvelynPringle,@jenmort2002
@agreencleveland,@jenmort2002
@ClevelandNewDay,@jenmort2002
@theNCI,"@Jennifer_L_Moss,@theNCI,@NCIDrDoug"
@D6Coughlan,"@Jennifer_L_Moss,@theNCI,@NCIDrDoug"
@FarrahFazal,"@JenniferCBSLA,@CBSLA,@vaxxedthemovie"
@ShorealoneFilms,"@JenniferCBSLA,@CBSLA,@vaxxedthemovie"
@KNX1070,"@JenniferCBSLA,@CBSLA,@vaxxedthemovie"
@CBSLA,"@JenniferCBSLA,@CBSLA,@vaxxedthemovie"
@FondoKNXTraffic,"@JenniferCBSLA,@CBSLA,@vaxxedthemovie"
@teddywiningre2,@JenniferMarguli
@urbannana60,@JenniferMarguli
@kindabummed2016,@JenniferMarguli
@jdelugach,@JenniferMarguli
@dmilat68,"@JerryBrownGov,@GovPressOffice,@caleg,@CASenateDems,@BenAllenCA,@SenHannahBeth"
@dmilat68,"@JerryBrownGov,@GovPressOffice,@caleg,@CASenateDems,@BenAllenCA,@SenHannahBeth"
@dmilat68,"@JerryBrownGov,@GovPressOffice,@caleg,@CASenateDems,@BenAllenCA,@SenHannahBeth"
@dmilat68,"@JerryBrownGov,@GovPressOffice,@caleg,@CASenateDems,@BenAllenCA,@SenHannahBeth"
@_neurysm,@jimiecheng
@SANTINORICE,@jimiecheng
@jdelugach,@jimiecheng
@joegooding,"@joegooding,@CplBart,@IamMonicaRae,@doritmi,@Forbes"
@joegooding,"@joegooding,@doritmi"
@joegooding,"@joegooding,@doritmi,@ShantelWireman1,@handmadekathy"
@joegooding,"@joegooding,@DrPanMD,@doritmi,@SacBeeEditBoard,@LaLaRueâ€¦"
@joegooding,"@joegooding,@theMommyX,@Angelapaints,@ElizabethMcCra2,@doritmi,@drflanders"
@LeahinLA,"@joegooding,@TimBolen1"
@MoniGirolami,"@Jonathan,@Vax"
@OTCbike,"@jordyntruee,@OTCbike,@AngeliqueAshby,@DrPanMD,@Steinberg4Sac"
@AngeliqueAshby,"@jordyntruee,@OTCbike,@AngeliqueAshby,@DrPanMD,@Steinberg4Sac"
@vdashcom,@JosephLaurino
@kindabummed2016,@JosephLaurino
@OHPediatricians,@JosephLaurino
@croquetcrazy,@JournoJenkins67
@cynicq,@JournoJenkins67
@joegooding,"@Juliann990,@truthvaxwarrior,@TannersDad,@RepAndreCarson,@mission2heal"
@afullmargin,@JustADakota
@kfbk,"@KaitlinLewis15,@kfbk"
@kfbk,"@KaitlinLewis15,@Steinberg4Sac,@DrPanMD"
@SANTINORICE,"@KaitlinLewis15,@Steinberg4Sac,@DrPanMD"
@SANTINORICE,"@KaitlinLewis15,@Steinberg4Sac,@DrPanMD"
@SanDiegoCP,"@KaitlinLewis15,@Steinberg4Sac,@DrPanMD"
@SamEBNHPR,"@KaitlinLewis15,@Steinberg4Sac,@DrPanMD"
@SANTINORICE,"@KaitlinLewis15,@Steinberg4Sac,@DrPanMD"
@CAWalks,@kareennews
@boosterbook,@kath2cats
@vaxxedthemovie,@kellychronicles
@dreadpiraterose,@kendrawcandraw
@Yemeni_Proudly,@KentPage
@ashanker,@KentPage
@KaitlinLewis15,@kfbk
@SacConnector,"@kfbk,@DrPanMD,@JodiTraversaro"
@drninashapiro,"@KPCC,@DrPanMD"
@jdelugach,"@KPCC,@DrPanMD"
@slealey53,"@KPCC,@DrPanMD"
@SusanLidia_e,"@KPCC,@DrPanMD"
@wonkdontrun,"@KPCC,@NPR"
@DotFranny,"@kristieburchit,@GathrFilms"
@jasmineweebchan,"@kwh,@VoiceOfOBrien"
@AngeliqueAshby,"@LadySylvia,@ccadelago,@AngeliqueAshby,@DrPanMD,@Steinberg4Sac"
@ladytrevelyans,"@LadySylvia,@ccadelago,@AngeliqueAshby,@DrPanMD,@Steinberg4Sac"
@CalicoInsite,@LaLaRueFrench75
@dudewtfnow,@LaLaRueFrench75
@mlisag123,@LaLaRueFrench75
@dmilat68,@LaLaRueFrench75
@Immunize_USA,@LaLaRueFrench75
@dmilat68,"@LaLaRueFrench75,@Tannersâ€¦"
@monis1013,"@lalger2020,@rockermom53,@VaxCalc,@MOMMYCAT56"
@monis1013,"@lalger2020,@rockermom53,@VaxCalc,@MOMMYCAT56"
@MalariaBee,"@lalger2020,@rockermom53,@VaxCalc,@MOMMYCAT56"
@meenee,"@lalger2020,@rockermom53,@VaxCalc,@MOMMYCAT56"
@VaccineAlertFYI,"@lalger2020,@rockermom53,@VaxCalc,@MOMMYCAT56"
@DrPanMD,"@lalger2020,@rockermom53,@VaxCalc,@MOMMYCAT56"
@jlb13,"@lalger2020,@rockermom53,@VaxCalc,@MOMMYCAT56"
@KatWaterflame,@LauraBaileyVO
@SynergistHealth,@LauraBaileyVO
@King_Cripple207,"@LauraBaileyVO,@WillingBlam"
@newhousel,@lauramedison
@angelakaplan7,"@leftsidestoryUS,@censorednewsnow,@WakeUp,@Mbksv,@liciahurst,@detroitremedy71,@JackShainman,@op_pharma,@MoForPal"
@tweybright,"@leftsidestoryUS,@censorednewsnow,@WakeUp,@Mbksv,@liciahurst,@detroitremedy71,@JackShainman,@op_pharma,@MoForPal"
@Scarsworn,@LemonandHoneyCo
@bakersfieldnow,@Lexie29News
@LandeeCrier,@lightlovetruth
@joegooding,@LiliaSfo
@Subscatter,@liposuctor
@joegooding,"@lordthx1139,@doritmi,@PressHerald"
@infiniteluv4evr,@LotusOak
@infiniteluv4evr,@LotusOak
@BlueSkyGrannie,@LotusOak
@abramovitzra,@LotusOak
@abramovitzra,@LotusOak
@Vibriancewell,@LotusOak
@michelle8660,@LotusOak
@littlemsgooner,@LotusOak
@littlemsgooner,@LotusOak
@tlewis44,@LotusOak
@orteli_99,@LotusOak
@lbragen,@LotusOak
@AnonymTipster,@LotusOak
@LindaBrierty,@LotusOak
@GangstaOfBoats,@LotusOak
@dgtaylor60,@LotusOak
@annmargrit,@LotusOak
@ColdWarrior2000,@LotusOak
@soybean52,@LotusOak
@wyomingbroncos,"@mab8663Panto,@BDubCO,@AG_Conservative,@AriMelber"
@kaushik_k_,"@ManilSuri,@JoelAchenbach"
@DotFranny,@marcellakroll
@StepPalmer,@MarcellaPiperTe
@dawterofliberty,@MarcellaPiperTe
@MinneapolisAcu,@MarcellaPiperTe
@BethIsAwake,@MarcellaPiperTe
@savyone23,@MarcellaPiperTe
@SummersWeIIness,@MarcellaPiperTe
@FluorideFreeAus,@MarcellaPiperTe
@wendyblazer65,"@MarcellaPiperTe,@healthyown"
@DanaElizabeth69,"@MarianeEriksson,@"
@King_Cripple207,"@Marisha_Ray,@LauraBaileyVO,@Marisha_Ray"
@DrPanMD,"@Marisha_Ray,@LauraBaileyVO,@Marisha_Ray"
@PedsGeekMD,"@MaryKretzmann,@DrPanMD"
@AutismOne,"@MaryKretzmann,@DrPanMD"
@PedsGeekMD,"@MaryKretzmann,@DrPanMD"
@dawterofliberty,@May12org
@dawterofliberty,@May12org
@dawterofliberty,@May12org
@NCHforDocs,@MBradyMD
@0xKruzr,"@MBVanElzakker,@kgosztola,@DrJillStein"
@DSN_MikeJohnsen,@McKideaShare
@DSN_MikeJohnsen,"@McKideaShare,@HealthMart"
@DSN_MikeJohnsen,"@McKideaShare,@HealthMart"
@DSN_MikeJohnsen,"@McKideaShare,@HealthMart"
@DSN_MikeJohnsen,"@McKideaShare,@HealthMart,@DrugStoreNews"
@ChopChopJapchae,"@MetaFouric,@VoiceOfOBrien"
@rayQuanTezm,"@MetaFouric,@VoiceOfOBrien"
@chu_bacca,"@MetaFouric,@VoiceOfOBrien"
@GeminisRegio,"@MetaFouric,@VoiceOfOBrien"
@GeminisRegio,"@MetaFouric,@VoiceOfOBrien"
@FundedJustice,"@MetaFouric,@VoiceOfOBrien"
@billsekerak3,"@MikeHartford6,@JonathanHoenig"
@LeahinLA,"@MikeHartford6,@JonathanHoenig"
@ddickso1,"@MikeHartford6,@JonathanHoenig"
@JonathanHoenig,"@MikeHartford6,@JonathanHoenig"
@victa20,"@MikeHartford6,@JonathanHoenig"
@GeminisRegio,@mindwasp
@orteli_99,@MireiaSerret
@WolfBabyCEF,@mitchrohrer
@KerieBerkowitz,"@MNOvarianCancer,@WCCO,@MayoClinic"
@dragonl1202,"@MNOvarianCancer,@WCCO,@MayoClinic"
@gijacklin,"@MNOvarianCancer,@WCCO,@MayoClinic"
@WHMayoClinic,"@MNOvarianCancer,@WCCO,@MayoClinic"
@RhondaMcMahon24,"@MomsDemand,@JerryBrownGov"
@MaryRuberry,"@MomsDemand,@JerryBrownGov"
@ShotAtLife,"@MomsDemand,@JerryBrownGov"
@katie_prout,@morninggloria
@lin_deshan,@morninggloria
@WaukeSlosh,@morninggloria
@2012AwakenShift,@morninggloria
@ibookery,@morninggloria
@jimmyh740,@morninggloria
@oMyAngelShawnO,@morninggloria
@morninggloria,@morninggloria
@hippy_time_,@morninggloria
@MetricButtload,@morninggloria
@imaginaryerika,@morninggloria
@JacobG88,@morninggloria
@douglasjfresh,@morninggloria
@sigil66,@morninggloria
@slealey53,@morninggloria
@RaiderUte,@morninggloria
@AntonloRuiz,@morninggloria
@hipknitter,@morninggloria
@MichelsonMedRF,@morninggloria
@timpduffy,@morninggloria
@lizditz,@morninggloria
@NerfHerder73,@morninggloria
@dursonj,"@MotherChild,@AntaraInsight,@PeterASinger"
@multco,"@MultCopets,,@GoodNeighborVet"
@dmilat68,@MyBrigitte
@SoAngieWrites,@MzHottboxxxez
@MBVanElzakker,"@n920gl,@DrJillStein"
@AnnaBelle_Zeta,"@n920gl,@DrJillStein"
@BrioWellness,"@n920gl,@DrJillStein"
@youngidealist,"@n920gl,@vjack,@DrJillStein"
@spacatti,@Naura_Rarawwwr
@SteveDavisPATH,@NEJM.
@chiroroy,@NEJM.
@lexrexinstitute,@NEJM.
@WendyNBCSD,@Newtons_Muse
@AnonymTipster,@Newtons_Muse
@UMassMedNow,@NIAIDNews
@dreadpiraterose,@NLN4v
@chu_bacca,@NLN4v
@savyone23,@nltarlow
@emmathurn,@nltarlow
@DrPanMD,@nltarlow
@icansketchu,"@nltarlow,@delbigtree,@PollyTommey"
@Lizsordia,"@nltarlow,@delbigtree,@PollyTommey"
@BethMcCall84,"@nltarlow,@delbigtree,@PollyTommey"
@nataliemcosta,"@nltarlow,@delbigtree,@PollyTommey"
@clevelandgreens,"@nltarlow,@delbigtree,@PollyTommey"
@DrToddWo,"@noelTbrewer,@Jennifer_L_Moss!"
@GDOTWestTraffic,"@noelTbrewer,@Jennifer_L_Moss!"
@slealey53,"@noelTbrewer,@Jennifer_L_Moss!"
@SNCCLA,@Novaccineforce
@MikeNGladstone,@Novaccineforce
@adamparrshs,@Novaccineforce
@dawterofliberty,@Nurse4freedom
@DrGusChiro,"@Nurse4freedom,@JerryBrownGov,@DrPanMD"
@AnonymTipster,"@Nurse4freedom,@JerryBrownGov,@DrPanMD"
@KevinMLevy,"@Nurse4freedom,@JerryBrownGov,@DrPanMD"
@Zakurex,@NVICAdvocacy
@peakdavid,@NVICAdvocacy
@VaxChoiceVT,@NVICAdvocacy
@HomeopathyWomen,@NVICAdvocacy
@vax,@NYCTSubway
@quadz08,@Octy_in_Boots
@lizu77,@OHPediatricians
@SNCCLA,@OregonVacTruth
@WGHA,@OrinLevine
@jordyntruee,"@OTCbike,@AngeliqueAshby,@DrPanMD,@Steinberg4Sac"
@OTCbike,"@OTCbike,@AngeliqueAshby,@Steinberg4Sac,@DrPanMD,@DowntownSac,@SacramentoCVB,@DowntownAndVine"
@AngeliqueAshby,"@OTCbike,@DrPanMD,@Steinberg4Sac,@TheCityofSac,@SacramentoCVB,@DowntownSac"
@hodson93law,"@OTCbike,@OTCbike,@AngeliqueAshby,@Steinberg4Sac,@DrPanMD,@DowntownSac,@SacramentoCVB,@DowntownAndVine"
@AngeliqueAshby,"@OTCbike,@OTCbike,@AngeliqueAshby,@Steinberg4Sac,@DrPanMD,@DowntownSac,@SacramentoCVB,@DowntownAndVine"
@DowntownSac,"@OTCbike,@OTCbike,@AngeliqueAshby,@Steinberg4Sac,@DrPanMD,@DowntownSac,@SacramentoCVB,@DowntownAndVine"
@PainterSam,"@PainterSam,@WireAndHoney."
@dawterofliberty,@panerabread
@Boston_Biotech,@PDRennert
@DrJamesKay,"@PedsGeekMD,@DrPanMD"
@junekazumi,"@PedsGeekMD,@DrPanMD"
@Babolat91,"@PedsGeekMD,@DrPanMD"
@MedPedsChomilo,"@PedsGeekMD,@DrPanMD"
@mhessing,"@PedsGeekMD,@DrPanMD"
@AmyPearsonMD,"@PedsGeekMD,@DrPanMD"
@freedom4rhealth,"@PedsGeekMD,@DrPanMD"
@sunclan7,"@PedsGeekMD,@DrPanMD"
@Blackfang108,"@PedsGeekMD,@DrPanMD"
@momtogo1234,"@PedsGeekMD,@DrPanMD"
@LiliaSfo,"@PedsGeekMD,@DrPanMD"
@jdelugach,"@PedsGeekMD,@DrPanMD"
@CharlesSimmins,"@PedsGeekMD,@DrPanMD"
@NVICLoeDown,"@PedsGeekMD,@DrPanMD"
@AutismOne,"@PedsGeekMD,@DrPanMD"
@pediatricskc,"@PedsGeekMD,@DrPanMD"
@doclobby,"@PedsGeekMD,@DrPanMD"
@CaliEditor,"@PedsGeekMD,@DrPanMD"
@allanbrauer,"@PedsGeekMD,@DrPanMD"
@alisonsinger,"@PedsGeekMD,@DrPanMD"
@DrPanMD,"@PedsGeekMD,@DrPanMD"
@whatdivawants,"@PedsGeekMD,@DrPanMD"
@FluorideFreeAus,"@PedsGeekMD,@DrPanMD"
@cmaphysicians,"@PedsGeekMD,@DrPanMD"
@TheSciBabe,"@PedsGeekMD,@DrPanMD"
@HealthFreedomUS,"@PedsGeekMD,@DrPanMD"
@CalliCoop,@Pianomover
@AnonymTipster,@Pianomover
@AyanaShakira,@Pianomover
@jdelugach,@Pianomover
@AyanaShakira,@Pianomover
@EvelynPringle,@Pianomover
@vaxxedthemovie,"@PollyTommey,@sheilaealy,@kellychronicles,@JimCarrey"
@SANTINORICE,"@PollyTommey,@sheilaealy,@kellychronicles,@JimCarrey"
@sabinvaccine,"@PollyTommey,@sheilaealy,@kellychronicles,@JimCarrey"
@coloradoan,@PoudreSchools
@NiceGuy504,@PoudreSchools
@kateelder,@PoudreSchools
@KELLYCLELLAND1,"@PreventionTips,@novapbs"
@dawterofliberty,@ProParentRights
@DotFranny,@ProParentRights
@BioWonk,@ProParentRights
@2ndfor1st,@ProParentRights
@dawterofliberty,"@ProParentRights,@TimBolen1"
@healthaccess,"@RachelLG83,@CASenatorJim,@DrPaâ€¦"
@matt_erion,@realDonaldTrump
@dmilat68,@realDonaldTrump
@Red_Finch,@realDonaldTrump
@EKMelaas,@Reid_CO
@JJsHelloFund,"@repbera,@DrPanMD,@KenCooley,@SenFeinstein,@BarbaraBoxer,@SenatorBoxer"
@doritmi,"@RichardJHealy,@EMcCra2"
@danmunro,"@RJSzczerba,@MandiBPro"
@pw_cunningham,@rking_19
@PartyBoyBoi,@rking_19
@RichardILevine,"@RobSchneider,@JeffereyJaxen"
@SANTINORICE,"@RobSchneider,@JeffereyJaxen"
@RichardILevine,"@RobSchneider,@JeffereyJaxen"
@slealey53,"@RobSchneider,@JeffereyJaxen"
@monis1013,"@rockermom53,@lalger2020,@VaxCalc,@MOMMYCAT56"
@surfthespectrum,@RogueZebraTMR
@DrMartinCDC,@sabinvaccine
@IDEpiPhD,@sabinvaccine
@ACSHorg,@sabinvaccine
@DrPanMD,@sabinvaccine
@SANTINORICE,@sabinvaccine
@DrPanMD,@SacBeeEditBoard
@pearwaldorf,@SacBeeEditBoard
@ItsFreeAtLast,"@SacConnector,@kfbk,@DrPanMD,@JodiTraversaro"
@BorderReporter,"@SacConnector,@kfbk,@DrPanMD,@JodiTraversaro"
@ChildrenNow,"@samdtran,@SenatorCarolLiu,@MartyBlock4SD39,@bobhuff99,@SenatorLeyva,@billmonning,@DrPanMD,@SenAndyVidak"
@orteli_99,"@sandradekiwi,@Gisbert_Susana"
@chikulawayoo,@SANTINORICE
@AliciaStice,"@sarahjanekyle,@,@PoudreSchools."
@coloradoan,"@sarahjanekyle,@,@PoudreSchools."
@AnonymTipster,"@sburke85,@DrPanMD"
@radicaltimes,@scimc_newswire
@DrPanMD,@SEIU2015
@samdtran,"@SenatorCarolLiu,@MartyBlock4SD39,@bobhuff99,@SenatorLeyva,@billmonning,@DrPanMD,@SenAndyVidak"
@bsheevz,@SenSanders
@SANTINORICE,@SenSanders
@DrPanMD,"@ShannanVelayas,@DrPanMD,@SEIU2015,@CFA_News"
@SEIU2015,"@ShannanVelayas,@DrPanMD,@SEIU2015,@CFA_News"
@Geekoutshappen,"@ShannanVelayas,@DrPanMD,@SEIU2015,@CFA_News"
@OTCbike,"@ShannanVelayas,@Steinberg4Sac,@AngeliqueAshby,@DrPanMD,@OTCbike"
@LemonandHoneyCo,"@ShannanVelayas,@Steinberg4Sac,@AngeliqueAshby,@DrPanMD,@OTCbike"
@AngeliqueAshby,"@ShannanVelayas,@Steinberg4Sac,@AngeliqueAshby,@DrPanMD,@OTCbike"
@SonOfJupit3r,"@ShirinRajaee,@CBSSacramento"
@1Mauricewood,"@ShirinRajaee,@CBSSacramento"
@lindibiachi,"@ShirinRajaee,@CBSSacramento"
@LighthousePR_LA,"@ShirinRajaee,@CBSSacramento"
@mktredi,"@ShirinRajaee,@CBSSacramento"
@LeahinLA,"@ShirinRajaee,@CBSSacramento"
@JessicaHaro07,"@ShirinRajaee,@CBSSacramento"
@LouisJMarinelli,"@ShirinRajaee,@CBSSacramento"
@dcap22803,"@ShirinRajaee,@CBSSacramento"
@tvNewsChristina,"@ShirinRajaee,@CBSSacramento"
@kidspluspgh,@ShotAtLife
@DrToddWo,@ShotAtLife
@retail_Dbt,@ShotAtLife
@soybean52,@ShotAtLife
@OCacupuncture,@ShotAtLife
@MeghanCRussell,@ShotAtLife
@naturalmommy7,@ShotAtLife
@dawterofliberty,"@SIDSexposed,@MorningCenter,@samaritanmin,@FrancineRivers,@BethMooreLPM,@desiringGod"
@francineorr,"@SIDSexposed,@MorningCenter,@samaritanmin,@FrancineRivers,@BethMooreLPM,@desiringGod"
@francineorr,"@SIDSexposed,@MorningCenter,@samaritanmin,@FrancineRivers,@BethMooreLPM,@desiringGod"
@emmathurn,@SilentSpring05
@dmilat68,@SilentSpring05
@cle4charity,@SilentSpring05
@NVICLoeDown,@SilentSpring05
@donnaschwartz4,@SilentSpring05
@sapphirethrone,@SilentSpring05
@NanaKerryL,@SilentSpring05
@the1ness,"@SilentSpring05,@"
@ahealthyliving1,"@SilentSpring05,@JerryBrownGov"
@the1ness,"@SilentSpring05,@JerryBrownGov"
@EvelynPringle,"@SilentSpring05,@JerryBrownGov"
@donnaschwartz4,"@SilentSpring05,@JerryBrownGov"
@SNCCLA,"@SilentSpring05,@JerryBrownGov"
@canthavepudding,@simonhendel
@Autistikids,"@skepticalraptor,@sapienist"
@DrPanMD,@SkeptiMe
@emmiewithacape,@sketchingsprw
@rayQuanTezm,@sketchingsprw
@gijacklin,@sketchingsprw
@OregonVacTruth,@sketchingsprw
@the whole U.S.A.,@sketchingsprw
@JeanneCaley,@sketchingsprw
@mrcleansedotcom,@sketchingsprw
@wizardoftodd,@sketchingsprw
@DotFranny,@slealey53
@dmilat68,@slealey53
@emmathurn,@slealey53
@DotFranny,@slealey53
@joe_nilo,"@SpaceCoastLaw,@GreenPartyUS"
@LauraAnnalina,"@steaktweet,@"
@ShannanVelayas,"@Steinberg4Sac,@AngeliqueAshby,@DrPanMD,@OTCbike"
@NFBilimoria,"@SteveDavisPATH,@NEJM."
@MeghanCRussell,"@SteveDavisPATH,@NEJM."
@MichaelPetrelis,"@SteveDavisPATH,@NEJM."
@ProfBanks,@StoryMangler
@SocialPowerOne1,"@StuckJake,@SenSanders"
@MarQB945,@Stutzy6
@dawterofliberty,@Stutzy6
@dawterofliberty,@Stutzy6
@nealsgroupie,@Stutzy6
@nealsgroupie,@Stutzy6
@emmathurn,@Stutzy6
@dmilat68,@Stutzy6
@FolkWhoAwoke,@Stutzy6
@Mofmars333,@Stutzy6
@donnaschwartz4,"@Stutzy6,@HealthRanger"
@dmilat68,"@Stutzy6,@Stutzy6"
@rcbalive,@SueinRockville
@rroossiiiee,@SuzyHaroutunian
@DrAurore,@SuzyHaroutunian
@EvelynPringle,@SuzyHaroutunian
@TailsSpinPets,@TailsSpinPets
@furtheloveofare,"@TailsSpinPets,@TailsSpinPets"
@emmathurn,@TannersDad
@dawterofliberty,@TannersDad
@dawterofliberty,@TannersDad
@StepPalmer,@TannersDad
@StepPalmer,@TannersDad
@StepPalmer,@TannersDad
@soybean52,@TannersDad
@gerberdaisy210,@TannersDad
@harrelson_heidi,@TannersDad
@CAWalks,@TannersDad
@wendyblazer65,"@TannersDad,@delbigtree"
@StepPalmer,"@TannersDad,@delbigtree"
@DotFranny,"@TannersDad,@DrOz,@YouTube"
@Freaydeak,"@TannersDad,@Jâ€¦"
@GDOTWestTraffic,"@TannersDad,@Jâ€¦"
@gerberdaisy210,"@TannersDad,@Jâ€¦"
@jdelugach,"@TannersDad,@Jâ€¦"
@NoguchiOnK12,"@taseipel,@DrPanMD"
@SNCCLA,@the_refusers
@VaxChoiceVT,@the_refusers
@the1ness,@the_refusers
@RogInVA,@the_refusers
@MikeScowden,@theaceofspaeder
@cdhorton23,@theaceofspaeder
@GetAJobBrett,@theaceofspaeder
@LucJones18,@theaceofspaeder
@MBradyMD,@theaceofspaeder
@lexrexinstitute,@theaceofspaeder
@baseballcrank,@theaceofspaeder
@aj_reveron,@theaceofspaeder
@Moonlightswami,@theaceofspaeder
@LoveClaudiaXOXO,@theaceofspaeder
@RAUARAESP,@TheSciBabe
@pearwaldorf,@TheSciBabe
@HernanTheCivil,@TheSciBabe
@magic_stu,@TheSciBabe
@Globox__,@thgwf
@AutismOne,@thinkingmomsrev
@SNCCLA,@thinkingmomsrev
@organicsincere,@TimBolen1
@abramovitzra,@TimBolen1
@microbiomom,@TimBolen1
@LaurieGuthrie,@TimBolen1
@incomemadeeasy,@TimBolen1
@MacRaider,@TimBolen1
@pabvlnb,@TimBolen1
@dawterofliberty,@TimBolen1
@tccedillo,@TimBolen1
@james_jewels,@TimBolen1
@LandeeCrier,@TimBolen1
@joegooding,@TimBolen1
@BethIsAwake,@TimBolen1
@AdamPlatt1999,"@TinaMorphis,@Gus_802"
@pediatricskc,@truthvaxwarrior
@connieajohnson,"@UMassMedNow,@NIAIDNews"
@OregonVacTruth,"@UMassMedNow,@NIAIDNews"
@sabinvaccine,@UNICEF_CAR
@ShotAtLife,@UNICEF_CAR
@unicefcougars,"@UNICEF,@UNICEFEthiopia"
@therichards5,"@UNICEF,@UNICEFEthiopia"
@DrBrianFoster,@VaccineAlertFYI
@ARAGhandour,@Vaccines
@HopeLizzy,@Vaccines
@dawterofliberty,@VACTRUTH
@DBystrowski,@VACTRUTH
@7maples,@VACTRUTH
@NYCTSubway,@vax
@Subscatter,"@VaxCalc,@centegrahealth"
@amifox73,"@VaxCalc,@centegrahealth"
@surfthespectrum,@VaxxedMobile
@TheQforU,"@vaxxedthemovie,@kellychronicles"
@2ndfor1st,@VeritasDolor
@SonOfJupit3r,@VeritasDolor
@jdelugach,@VeritasDolor
@SNCCLA,"@VialNews,@focusforhealth,@BusyDrT"
@Immunize_USA,"@VialNews,@focusforhealth,@BusyDrT"
@dawterofliberty,"@VialNews,@THRiiiVE"
@vitalnews,"@VialNews,@THRiiiVE"
@Mofmars333,"@VialNews,@THRiiiVE"
@KPMcDonald,"@VillageReach,@VHW,@Anna_D_Scott"
@clarasoister,@Vimeo
@ForTheXPDM,@VoiceOfOBrien
@dreadpiraterose,@VoiceOfOBrien
@JourneysNonnie,@VoiceOfOBrien
@mikeroftholmes,"@VoiceOfOBrien,@LauraBaileyVO"
@kidoctr,@Voices4Vaccines
@NursesWhoVax,@Voices4Vaccines
@KCIDCCB,@Voices4Vaccines
@PubHealthSci,@Voices4Vaccines
@cle4charity,@Voices4Vaccines
@FlyingOFamily,@walrusrising
@Travmanman,@WarGodArt
@klein5jen,@WarGodArt
@MNOvarianCancer,"@WCCO,@MayoClinic"
@shannonkroner,"@WCCO,@MayoClinic"
@cookie930,@whereisdaz
@OCherokee,@whereisdaz
@nite0wl_2600,@whereisdaz
@lexrexinstitute,@whereisdaz
@Sally_Twodicks,@whereisdaz
@U_Megabyte,@whereisdaz
@thefarseeker,@whereisdaz
@LionsTalk,@whereisdaz
@Sir_Jyrki,@whereisdaz
@SirenofBrixton,@whereisdaz
@afullmargin,@Winterferns
@Houston_Media,@Winterferns
@wyntersway,@Winterferns
@WirzAimee,@wordpressdotcom
@DotFranny,@wordpressdotcom
@Americanfree2,@wordpressdotcom
@keROBinsonArt,@wordpressdotcom
@CaseyDanson,@wordpressdotcom
@VaxxedMobile,@wordpressdotcom
@Blondebattleaxe,@wordpressdotcom
@urbannana60,@wordpressdotcom
@DreamsHappenNow,@wordpressdotcom
@PandorasMouth,@YouTube
@soybean52,@YouTube
@ElenaNBCSD,@YouTube
@BirthPowerWeek,@YouTube
@NobleRamziElBey,@YouTube
@psuvafan007,@YouTube